Env,Year,Date_Planted,Latitude,Longitude,Genetics
IAH1_2015,2015,2015-05-02,41.99809519750001,-93.693369725,B_120
IAH1_2015,2015,2015-05-02,41.99809519750001,-93.693369725,B_108
IAH1_2015,2015,2015-05-02,41.99809519750001,-93.693369725,B_110
IAH1_2015,2015,2015-05-02,41.99809519750001,-93.693369725,B_115
IAH1_2015,2015,2015-05-02,41.99809519750001,-93.693369725,B_100
IAH1_2015,2015,2015-05-02,41.99809519750001,-93.693369725,B_105
IAH1_2015,2015,2015-05-02,41.99809519750001,-93.693369725,B_103
IAH1_2015,2015,2015-05-02,41.99809519750001,-93.693369725,B_112
IAH1_2015,2015,2015-05-02,41.99809519750001,-93.693369725,B_130
IAH3_2015,2015,2015-04-30,41.975856285000006,-92.24291804,B_110
IAH3_2015,2015,2015-04-30,41.975856285000006,-92.24291804,B_100
IAH3_2015,2015,2015-04-30,41.975856285000006,-92.24291804,B_108
IAH3_2015,2015,2015-04-30,41.975856285000006,-92.24291804,B_120
IAH3_2015,2015,2015-04-30,41.975856285000006,-92.24291804,B_115
IAH3_2015,2015,2015-04-30,41.975856285000006,-92.24291804,B_112
IAH3_2015,2015,2015-04-30,41.975856285000006,-92.24291804,B_103
IAH3_2015,2015,2015-04-30,41.975856285000006,-92.24291804,B_130
IAH3_2015,2015,2015-04-30,41.975856285000006,-92.24291804,B_105
INH1_2015,2015,2015-05-14,40.477075,-87.000205,B_108
INH1_2015,2015,2015-05-14,40.477075,-87.000205,B_120
INH1_2015,2015,2015-05-14,40.477075,-87.000205,B_110
INH1_2015,2015,2015-05-14,40.477075,-87.000205,B_115
INH1_2015,2015,2015-05-14,40.477075,-87.000205,B_112
INH1_2015,2015,2015-05-14,40.477075,-87.000205,B_130
INH1_2015,2015,2015-05-14,40.477075,-87.000205,B_105
INH1_2015,2015,2015-05-14,40.477075,-87.000205,B_103
KSH1_2015,2015,2015-04-23,39.216417750000005,-96.60482225,B_120
KSH1_2015,2015,2015-04-23,39.216417750000005,-96.60482225,B_115
KSH1_2015,2015,2015-04-23,39.216417750000005,-96.60482225,B_112
KSH1_2015,2015,2015-04-23,39.216417750000005,-96.60482225,B_110
KSH1_2015,2015,2015-04-23,39.216417750000005,-96.60482225,B_130
KSH1_2015,2015,2015-04-23,39.216417750000005,-96.60482225,B_108
KSH1_2015,2015,2015-04-23,39.216417750000005,-96.60482225,B_103
KSH1_2015,2015,2015-04-23,39.216417750000005,-96.60482225,B_105
MNH1_2015,2015,2015-05-19,44.07038575,-93.53519625,B_110
MNH1_2015,2015,2015-05-19,44.07038575,-93.53519625,B_108
MNH1_2015,2015,2015-05-19,44.07038575,-93.53519625,B_105
MNH1_2015,2015,2015-05-19,44.07038575,-93.53519625,B_115
MNH1_2015,2015,2015-05-19,44.07038575,-93.53519625,B_120
MNH1_2015,2015,2015-05-19,44.07038575,-93.53519625,B_112
MNH1_2015,2015,2015-05-19,44.07038575,-93.53519625,B_100
MNH1_2015,2015,2015-05-19,44.07038575,-93.53519625,B_103
MNH1_2015,2015,2015-05-19,44.07038575,-93.53519625,B_130
MOH1_2015,2015,2015-05-04,38.8965375,-92.208004165,B_120
MOH1_2015,2015,2015-05-04,38.8965375,-92.208004165,B_110
MOH1_2015,2015,2015-05-04,38.8965375,-92.208004165,B_115
MOH1_2015,2015,2015-05-04,38.8965375,-92.208004165,B_130
MOH1_2015,2015,2015-05-04,38.8965375,-92.208004165,B_108
MOH1_2015,2015,2015-05-04,38.8965375,-92.208004165,B_112
MOH1_2015,2015,2015-05-04,38.8965375,-92.208004165,B_103
MOH1_2015,2015,2015-05-04,38.8965375,-92.208004165,B_100
MOH1_2015,2015,2015-05-04,38.8965375,-92.208004165,B_105
MOH2_2015,2015,2015-05-05,38.898079165,-92.2079,B_115
MOH2_2015,2015,2015-05-05,38.898079165,-92.2079,B_110
MOH2_2015,2015,2015-05-05,38.898079165,-92.2079,B_120
MOH2_2015,2015,2015-05-05,38.898079165,-92.2079,B_105
MOH2_2015,2015,2015-05-05,38.898079165,-92.2079,B_112
MOH2_2015,2015,2015-05-05,38.898079165,-92.2079,B_108
MOH2_2015,2015,2015-05-05,38.898079165,-92.2079,B_103
MOH2_2015,2015,2015-05-05,38.898079165,-92.2079,B_130
NEH2_2015,2015,2015-04-23,41.0514495,-100.7471915,B_110
NEH2_2015,2015,2015-04-23,41.0514495,-100.7471915,B_108
NEH2_2015,2015,2015-04-23,41.0514495,-100.7471915,B_120
NEH2_2015,2015,2015-04-23,41.0514495,-100.7471915,B_115
NEH2_2015,2015,2015-04-23,41.0514495,-100.7471915,B_103
NEH2_2015,2015,2015-04-23,41.0514495,-100.7471915,B_112
NEH2_2015,2015,2015-04-23,41.0514495,-100.7471915,B_130
NEH2_2015,2015,2015-04-23,41.0514495,-100.7471915,B_100
NEH2_2015,2015,2015-04-23,41.0514495,-100.7471915,B_105
NEH3_2015,2015,2015-06-10,41.15824525,-101.98729575000002,B_110
NEH3_2015,2015,2015-06-10,41.15824525,-101.98729575000002,B_115
NEH3_2015,2015,2015-06-10,41.15824525,-101.98729575000002,B_120
NEH3_2015,2015,2015-06-10,41.15824525,-101.98729575000002,B_108
NEH3_2015,2015,2015-06-10,41.15824525,-101.98729575000002,B_103
NEH3_2015,2015,2015-06-10,41.15824525,-101.98729575000002,B_112
NEH3_2015,2015,2015-06-10,41.15824525,-101.98729575000002,B_130
NEH3_2015,2015,2015-06-10,41.15824525,-101.98729575000002,B_100
NYH2_2015,2015,2015-05-07,42.7324825,-76.65277775,B_110
NYH2_2015,2015,2015-05-07,42.7324825,-76.65277775,B_100
NYH2_2015,2015,2015-05-07,42.7324825,-76.65277775,B_108
NYH2_2015,2015,2015-05-07,42.7324825,-76.65277775,B_120
NYH2_2015,2015,2015-05-07,42.7324825,-76.65277775,B_115
NYH2_2015,2015,2015-05-07,42.7324825,-76.65277775,B_103
NYH2_2015,2015,2015-05-07,42.7324825,-76.65277775,B_105
NYH2_2015,2015,2015-05-07,42.7324825,-76.65277775,B_112
NYH2_2015,2015,2015-05-07,42.7324825,-76.65277775,B_130
NYH3_2015,2015,2015-05-23,42.7233625,-76.6555945,B_108
NYH3_2015,2015,2015-05-23,42.7233625,-76.6555945,B_112
NYH3_2015,2015,2015-05-23,42.7233625,-76.6555945,B_105
NYH3_2015,2015,2015-05-23,42.7233625,-76.6555945,B_110
NYH3_2015,2015,2015-05-23,42.7233625,-76.6555945,B_115
NYH3_2015,2015,2015-05-23,42.7233625,-76.6555945,B_120
NYH3_2015,2015,2015-05-23,42.7233625,-76.6555945,B_103
NYH3_2015,2015,2015-05-23,42.7233625,-76.6555945,B_100
NYH3_2015,2015,2015-05-23,42.7233625,-76.6555945,B_130
NYH3_2015,2015,2015-05-23,42.7233625,-76.6555945,B_95
SDH1_2015,2015,2015-05-22,44.208745,-102.928745,B_110
SDH1_2015,2015,2015-05-22,44.208745,-102.928745,B_103
SDH1_2015,2015,2015-05-22,44.208745,-102.928745,B_120
SDH1_2015,2015,2015-05-22,44.208745,-102.928745,B_108
SDH1_2015,2015,2015-05-22,44.208745,-102.928745,B_112
SDH1_2015,2015,2015-05-22,44.208745,-102.928745,B_115
SDH1_2015,2015,2015-05-22,44.208745,-102.928745,B_105
SDH1_2015,2015,2015-05-22,44.208745,-102.928745,B_130
SDH1_2015,2015,2015-05-22,44.208745,-102.928745,B_95
SDH1_2015,2015,2015-05-22,44.208745,-102.928745,B_100
WIH1_2015,2015,2015-06-04,43.05511725,-89.528525,B_120
WIH1_2015,2015,2015-06-04,43.05511725,-89.528525,B_115
WIH1_2015,2015,2015-06-04,43.05511725,-89.528525,B_108
WIH1_2015,2015,2015-06-04,43.05511725,-89.528525,B_110
WIH1_2015,2015,2015-06-04,43.05511725,-89.528525,B_112
WIH1_2015,2015,2015-06-04,43.05511725,-89.528525,B_103
WIH1_2015,2015,2015-06-04,43.05511725,-89.528525,B_130
WIH1_2015,2015,2015-06-04,43.05511725,-89.528525,B_105
WIH1_2015,2015,2015-06-04,43.05511725,-89.528525,B_100
WIH1_2015,2015,2015-06-04,43.05511725,-89.528525,B_95
WIH1_2015,2015,2015-06-04,43.05511725,-89.528525,B_90
WIH2_2015,2015,2015-05-20,43.326448500000005,-89.33359975,B_108
WIH2_2015,2015,2015-05-20,43.326448500000005,-89.33359975,B_115
WIH2_2015,2015,2015-05-20,43.326448500000005,-89.33359975,B_112
WIH2_2015,2015,2015-05-20,43.326448500000005,-89.33359975,B_110
WIH2_2015,2015,2015-05-20,43.326448500000005,-89.33359975,B_120
WIH2_2015,2015,2015-05-20,43.326448500000005,-89.33359975,B_100
WIH2_2015,2015,2015-05-20,43.326448500000005,-89.33359975,B_103
WIH2_2015,2015,2015-05-20,43.326448500000005,-89.33359975,B_105
WIH2_2015,2015,2015-05-20,43.326448500000005,-89.33359975,B_130
ARH1_2016,2016,2016-04-07,34.72952,-90.7603555,B_130
ARH1_2016,2016,2016-04-07,34.72952,-90.7603555,B_120
ARH1_2016,2016,2016-04-07,34.72952,-90.7603555,B_115
ARH1_2016,2016,2016-04-07,34.72952,-90.7603555,B_110
ARH1_2016,2016,2016-04-07,34.72952,-90.7603555,B_112
ARH1_2016,2016,NA,34.72952,-90.7603555,B_120
ARH2_2016,2016,2016-04-23,35.83861400000001,-90.66530155,B_115
ARH2_2016,2016,2016-04-23,35.83861400000001,-90.66530155,B_112
ARH2_2016,2016,2016-04-23,35.83861400000001,-90.66530155,B_120
ARH2_2016,2016,2016-04-23,35.83861400000001,-90.66530155,B_130
ARH2_2016,2016,2016-04-23,35.83861400000001,-90.66530155,B_110
DEH1_2016,2016,2016-04-25,38.6482025,-75.44606,B_115
DEH1_2016,2016,2016-04-25,38.6482025,-75.44606,B_120
DEH1_2016,2016,2016-04-25,38.6482025,-75.44606,B_112
DEH1_2016,2016,NA,38.6482025,-75.44606,B_115
DEH1_2016,2016,2016-04-25,38.6482025,-75.44606,B_110
DEH1_2016,2016,2016-04-25,38.6482025,-75.44606,B_130
DEH1_2016,2016,NA,38.6482025,-75.44606,B_130
DEH1_2016,2016,2016-04-25,38.6482025,-75.44606,B_108
GAH1_2016,2016,2016-04-12,31.5079175,-83.55854775,B_120
GAH1_2016,2016,2016-04-12,31.5079175,-83.55854775,B_130
GAH1_2016,2016,2016-04-12,31.5079175,-83.55854775,B_115
GAH1_2016,2016,2016-04-12,31.5079175,-83.55854775,B_112
GAH1_2016,2016,2016-04-12,31.5079175,-83.55854775,B_110
GAH1_2016,2016,NA,31.5079175,-83.55854775,B_120
GAH2_2016,2016,NA,33.717295,-83.3110275,B_115
GAH2_2016,2016,NA,33.717295,-83.3110275,B_120
GAH2_2016,2016,2016-05-25,33.717295,-83.3110275,B_120
GAH2_2016,2016,2016-05-25,33.717295,-83.3110275,B_115
GAH2_2016,2016,NA,33.717295,-83.3110275,B_130
GAH2_2016,2016,2016-05-25,33.717295,-83.3110275,B_110
GAH2_2016,2016,NA,33.717295,-83.3110275,B_110
GAH2_2016,2016,2016-05-25,33.717295,-83.3110275,B_130
GAH2_2016,2016,NA,33.717295,-83.3110275,B_112
GAH2_2016,2016,2016-05-25,33.717295,-83.3110275,B_112
IAH2_2016,2016,2016-04-25,42.06582876,-94.7205012925,B_105
IAH2_2016,2016,2016-04-25,42.06582876,-94.7205012925,B_108
IAH2_2016,2016,2016-04-25,42.06582876,-94.7205012925,B_112
IAH2_2016,2016,2016-04-25,42.06582876,-94.7205012925,B_110
IAH2_2016,2016,2016-04-25,42.06582876,-94.7205012925,B_120
IAH2_2016,2016,2016-04-25,42.06582876,-94.7205012925,B_115
IAH3_2016,2016,2016-04-24,41.9758706025,-92.2431888125,B_130
IAH3_2016,2016,2016-04-24,41.9758706025,-92.2431888125,B_120
IAH3_2016,2016,2016-04-24,41.9758706025,-92.2431888125,B_115
IAH3_2016,2016,2016-04-24,41.9758706025,-92.2431888125,B_112
IAH3_2016,2016,2016-04-24,41.9758706025,-92.2431888125,B_110
IAH3_2016,2016,2016-04-24,41.9758706025,-92.2431888125,B_108
IAH4_2016,2016,2016-04-26,41.9945543175,-93.690309475,B_108
IAH4_2016,2016,2016-04-26,41.9945543175,-93.690309475,B_115
IAH4_2016,2016,2016-04-26,41.9945543175,-93.690309475,B_120
IAH4_2016,2016,2016-04-26,41.9945543175,-93.690309475,B_105
IAH4_2016,2016,2016-04-26,41.9945543175,-93.690309475,B_110
IAH4_2016,2016,2016-04-26,41.9945543175,-93.690309475,B_112
ILH1_2016,2016,2016-04-26,40.0607245,-88.2338815,B_120
ILH1_2016,2016,2016-04-26,40.0607245,-88.2338815,B_115
ILH1_2016,2016,2016-04-26,40.0607245,-88.2338815,B_110
ILH1_2016,2016,2016-04-26,40.0607245,-88.2338815,B_112
ILH1_2016,2016,2016-04-26,40.0607245,-88.2338815,B_108
ILH1_2016,2016,2016-05-06,40.0607245,-88.2338815,B_115
ILH1_2016,2016,2016-05-06,40.0607245,-88.2338815,B_108
ILH1_2016,2016,2016-05-06,40.0607245,-88.2338815,B_120
ILH1_2016,2016,2016-05-06,40.0607245,-88.2338815,B_112
ILH1_2016,2016,2016-05-06,40.0607245,-88.2338815,B_110
INH1_2016,2016,2016-05-19,40.4787595,-86.98982,B_115
INH1_2016,2016,2016-05-19,40.4787595,-86.98982,B_120
INH1_2016,2016,2016-05-19,40.4787595,-86.98982,B_112
INH1_2016,2016,2016-05-19,40.4787595,-86.98982,B_110
INH1_2016,2016,2016-05-19,40.4787595,-86.98982,B_108
MIH1_2016,2016,2016-05-24,42.412066749999994,-84.29526249999999,B_105
MIH1_2016,2016,2016-05-24,42.412066749999994,-84.29526249999999,B_110
MIH1_2016,2016,2016-05-24,42.412066749999994,-84.29526249999999,B_115
MIH1_2016,2016,2016-05-24,42.412066749999994,-84.29526249999999,B_120
MIH1_2016,2016,2016-05-24,42.412066749999994,-84.29526249999999,B_112
MIH1_2016,2016,2016-05-24,42.412066749999994,-84.29526249999999,B_108
MIH1_2016,2016,2016-05-24,42.412066749999994,-84.29526249999999,B_103
MIH1_2016,2016,NA,42.412066749999994,-84.29526249999999,B_105
MIH1_2016,2016,NA,42.412066749999994,-84.29526249999999,B_112
MIH1_2016,2016,2016-05-24,42.412066749999994,-84.29526249999999,B_100
MIH1_2016,2016,NA,42.412066749999994,-84.29526249999999,B_115
MNH1_2016,2016,2016-05-17,44.06646925,-93.533648,B_115
MNH1_2016,2016,2016-05-17,44.06646925,-93.533648,B_120
MNH1_2016,2016,2016-05-17,44.06646925,-93.533648,B_110
MNH1_2016,2016,2016-05-17,44.06646925,-93.533648,B_105
MNH1_2016,2016,2016-05-17,44.06646925,-93.533648,B_108
MNH1_2016,2016,2016-05-17,44.06646925,-93.533648,B_112
MOH1_2016,2016,2016-05-23,38.8955475,-92.2072025,B_115
MOH1_2016,2016,2016-05-23,38.8955475,-92.2072025,B_120
MOH1_2016,2016,2016-05-23,38.8955475,-92.2072025,B_130
MOH1_2016,2016,2016-05-23,38.8955475,-92.2072025,B_112
MOH1_2016,2016,2016-05-23,38.8955475,-92.2072025,B_110
MOH1_2016,2016,NA,38.8955475,-92.2072025,B_115
MOH1_2016,2016,2016-05-23,38.8955475,-92.2072025,B_108
MOH1_2016,2016,NA,38.8955475,-92.2072025,B_120
MOH1_2016,2016,2016-05-23,38.8955475,-92.2072025,B_105
NYH2_2016,2016,NA,42.726117,-76.655339,B_108
NYH2_2016,2016,2016-05-10,42.726117,-76.655339,B_105
NYH2_2016,2016,2016-05-10,42.726117,-76.655339,B_120
NYH2_2016,2016,2016-05-10,42.726117,-76.655339,B_110
NYH2_2016,2016,2016-05-10,42.726117,-76.655339,B_112
NYH2_2016,2016,2016-05-10,42.726117,-76.655339,B_108
NYH2_2016,2016,2016-05-10,42.726117,-76.655339,B_115
NYH2_2016,2016,NA,42.726117,-76.655339,B_115
NYH2_2016,2016,2016-05-10,42.726117,-76.655339,B_100
NYH2_2016,2016,NA,42.726117,-76.655339,B_120
OHH1_2016,2016,NA,39.860924,-83.6755995,B_115
OHH1_2016,2016,NA,39.860924,-83.6755995,B_120
OHH1_2016,2016,2016-05-27,39.860924,-83.6755995,B_120
OHH1_2016,2016,2016-05-27,39.860924,-83.6755995,B_115
OHH1_2016,2016,2016-05-27,39.860924,-83.6755995,B_110
OHH1_2016,2016,NA,39.860924,-83.6755995,B_112
OHH1_2016,2016,2016-05-27,39.860924,-83.6755995,B_108
OHH1_2016,2016,2016-05-27,39.860924,-83.6755995,B_112
TXH1_2016,2016,2016-03-04,30.54708625,-96.43393475,B_130
TXH1_2016,2016,2016-03-04,30.54708625,-96.43393475,B_120
TXH1_2016,2016,2016-03-04,30.54708625,-96.43393475,B_115
TXH1_2016,2016,2016-03-04,30.54708625,-96.43393475,B_110
TXH1_2016,2016,2016-03-04,30.54708625,-96.43393475,B_112
TXH1_2016,2016,NA,30.54708625,-96.43393475,B_120
WIH1_2016,2016,2016-05-09,43.05632525,-89.53194975000001,B_115
WIH1_2016,2016,2016-05-09,43.05632525,-89.53194975000001,B_112
WIH1_2016,2016,2016-05-09,43.05632525,-89.53194975000001,B_120
WIH1_2016,2016,2016-05-09,43.05632525,-89.53194975000001,B_110
WIH1_2016,2016,2016-05-09,43.05632525,-89.53194975000001,B_100
WIH1_2016,2016,2016-05-09,43.05632525,-89.53194975000001,B_105
WIH1_2016,2016,2016-05-09,43.05632525,-89.53194975000001,B_108
WIH2_2016,2016,2016-05-24,43.32649075,-89.33882925,B_108
WIH2_2016,2016,2016-05-24,43.32649075,-89.33882925,B_120
WIH2_2016,2016,2016-05-24,43.32649075,-89.33882925,B_115
WIH2_2016,2016,2016-05-24,43.32649075,-89.33882925,B_100
WIH2_2016,2016,2016-05-24,43.32649075,-89.33882925,B_110
WIH2_2016,2016,2016-05-24,43.32649075,-89.33882925,B_112
WIH2_2016,2016,2016-05-24,43.32649075,-89.33882925,B_105
WIH2_2016,2016,NA,43.32649075,-89.33882925,B_108
WIH2_2016,2016,NA,43.32649075,-89.33882925,B_105
WIH2_2016,2016,NA,43.32649075,-89.33882925,B_115
COH1_2017,2017,2017-05-31,40.64850025,-104.9997825,B_105
COH1_2017,2017,2017-05-31,40.64850025,-104.9997825,B_103
COH1_2017,2017,2017-05-31,40.64850025,-104.9997825,B_108
COH1_2017,2017,2017-05-31,40.64850025,-104.9997825,B_110
COH1_2017,2017,2017-05-31,40.64850025,-104.9997825,B_120
COH1_2017,2017,2017-05-31,40.64850025,-104.9997825,B_100
COH1_2017,2017,2017-05-31,40.64850025,-104.9997825,B_112
COH1_2017,2017,2017-05-31,40.64850025,-104.9997825,B_130
COH1_2017,2017,2017-05-31,40.64850025,-104.9997825,B_115
COH1_2017,2017,2017-05-31,40.64850025,-104.9997825,B_90
COH1_2017,2017,2017-05-31,40.64850025,-104.9997825,B_95
DEH1_2017,2017,2017-04-28,38.67025825,-75.4333645,B_115
DEH1_2017,2017,2017-04-28,38.67025825,-75.4333645,B_120
DEH1_2017,2017,2017-04-28,38.67025825,-75.4333645,B_110
DEH1_2017,2017,2017-04-28,38.67025825,-75.4333645,B_112
DEH1_2017,2017,2017-04-28,38.67025825,-75.4333645,B_130
DEH1_2017,2017,2017-04-28,38.67025825,-75.4333645,B_108
GAH1_2017,2017,2017-04-04,31.50794425,-83.55854475000001,B_130
GAH1_2017,2017,2017-04-04,31.50794425,-83.55854475000001,B_120
GAH1_2017,2017,2017-04-04,31.50794425,-83.55854475000001,B_115
GAH1_2017,2017,2017-04-04,31.50794425,-83.55854475000001,B_110
GAH1_2017,2017,2017-04-04,31.50794425,-83.55854475000001,B_112
GAH2_2017,2017,2017-05-02,33.727145,-83.29821525,B_115
GAH2_2017,2017,2017-05-02,33.727145,-83.29821525,B_112
GAH2_2017,2017,2017-05-02,33.727145,-83.29821525,B_108
GAH2_2017,2017,2017-05-02,33.727145,-83.29821525,B_120
GAH2_2017,2017,2017-05-02,33.727145,-83.29821525,B_110
GAH2_2017,2017,2017-05-02,33.727145,-83.29821525,B_130
IAH2_2017,2017,2017-05-06,42.06582876,-94.7205012925,B_115
IAH2_2017,2017,2017-05-06,42.06582876,-94.7205012925,B_120
IAH2_2017,2017,2017-05-06,42.06582876,-94.7205012925,B_108
IAH2_2017,2017,2017-05-06,42.06582876,-94.7205012925,B_112
IAH2_2017,2017,2017-05-06,42.06582876,-94.7205012925,B_110
IAH2_2017,2017,2017-05-06,42.06582876,-94.7205012925,B_105
IAH2_2017,2017,2017-05-06,42.06582876,-94.7205012925,B_100
IAH2_2017,2017,2017-05-06,42.06582876,-94.7205012925,B_103
IAH2_2017,2017,2017-05-06,42.06582876,-94.7205012925,B_130
IAH3_2017,2017,2017-04-25,41.9758706025,-92.2431888125,B_112
IAH3_2017,2017,2017-04-25,41.9758706025,-92.2431888125,B_115
IAH3_2017,2017,2017-04-25,41.9758706025,-92.2431888125,B_110
IAH3_2017,2017,2017-04-25,41.9758706025,-92.2431888125,B_120
IAH3_2017,2017,2017-04-25,41.9758706025,-92.2431888125,B_130
IAH3_2017,2017,2017-04-25,41.9758706025,-92.2431888125,B_108
IAH4_2017,2017,2017-05-07,41.9945543175,-93.690309475,B_120
IAH4_2017,2017,2017-05-07,41.9945543175,-93.690309475,B_110
IAH4_2017,2017,2017-05-07,41.9945543175,-93.690309475,B_115
IAH4_2017,2017,2017-05-07,41.9945543175,-93.690309475,B_105
IAH4_2017,2017,2017-05-07,41.9945543175,-93.690309475,B_103
IAH4_2017,2017,2017-05-07,41.9945543175,-93.690309475,B_108
IAH4_2017,2017,2017-05-07,41.9945543175,-93.690309475,B_100
IAH4_2017,2017,2017-05-07,41.9945543175,-93.690309475,B_112
IAH4_2017,2017,2017-05-07,41.9945543175,-93.690309475,B_130
ILH1_2017,2017,2017-04-26,34.19196292257452,-101.96587766472442,B_112
ILH1_2017,2017,2017-04-26,34.19196292257452,-101.96587766472442,B_115
ILH1_2017,2017,2017-04-26,34.19196292257452,-101.96587766472442,B_120
ILH1_2017,2017,2017-04-26,34.19196292257452,-101.96587766472442,B_108
ILH1_2017,2017,2017-04-26,34.19196292257452,-101.96587766472442,B_110
MIH1_2017,2017,2017-05-22,42.68116575,-84.49434124999999,B_120
MIH1_2017,2017,2017-05-22,42.68116575,-84.49434124999999,B_115
MIH1_2017,2017,2017-05-22,42.68116575,-84.49434124999999,B_105
MIH1_2017,2017,2017-05-22,42.68116575,-84.49434124999999,B_110
MIH1_2017,2017,2017-05-22,42.68116575,-84.49434124999999,B_112
MIH1_2017,2017,2017-05-22,42.68116575,-84.49434124999999,B_100
MIH1_2017,2017,2017-05-22,42.68116575,-84.49434124999999,B_108
MIH1_2017,2017,2017-05-22,42.68116575,-84.49434124999999,B_103
MNH1_2017,2017,2017-05-10,44.06646925,-93.533648,B_115
MNH1_2017,2017,2017-05-10,44.06646925,-93.533648,B_120
MNH1_2017,2017,2017-05-10,44.06646925,-93.533648,B_108
MNH1_2017,2017,2017-05-10,44.06646925,-93.533648,B_105
MNH1_2017,2017,2017-05-10,44.06646925,-93.533648,B_95
MNH1_2017,2017,2017-05-10,44.06646925,-93.533648,B_103
MNH1_2017,2017,2017-05-10,44.06646925,-93.533648,B_112
MNH1_2017,2017,2017-05-10,44.06646925,-93.533648,B_110
MNH1_2017,2017,2017-05-10,44.06646925,-93.533648,B_100
MOH1_2017,2017,2017-05-15,38.89264,-92.2057525,B_115
MOH1_2017,2017,2017-05-15,38.89264,-92.2057525,B_120
MOH1_2017,2017,2017-05-15,38.89264,-92.2057525,B_108
MOH1_2017,2017,2017-05-15,38.89264,-92.2057525,B_110
MOH1_2017,2017,2017-05-15,38.89264,-92.2057525,B_112
MOH1_2017,2017,2017-05-15,38.89264,-92.2057525,B_130
NEH3_2017,2017,2017-05-16,41.162,-96.409,B_115
NEH3_2017,2017,2017-05-16,41.162,-96.409,B_120
NEH3_2017,2017,2017-05-16,41.162,-96.409,B_110
NEH3_2017,2017,2017-05-24,41.162,-96.409,B_115
NEH3_2017,2017,2017-05-24,41.162,-96.409,B_120
NEH3_2017,2017,2017-05-24,41.162,-96.409,B_112
NEH3_2017,2017,2017-05-24,41.162,-96.409,B_110
NEH3_2017,2017,2017-05-16,41.162,-96.409,B_112
NEH4_2017,2017,2017-05-16,41.162,-96.409,B_115
NEH4_2017,2017,2017-05-16,41.162,-96.409,B_120
NEH4_2017,2017,2017-05-16,41.162,-96.409,B_112
NEH4_2017,2017,2017-05-16,41.162,-96.409,B_110
NYH1_2017,2017,2017-05-20,42.72880835,-76.6515625,B_105
NYH1_2017,2017,2017-05-20,42.72880835,-76.6515625,B_103
NYH1_2017,2017,2017-05-20,42.72880835,-76.6515625,B_100
NYH1_2017,2017,2017-05-20,42.72880835,-76.6515625,B_110
NYH1_2017,2017,2017-05-20,42.72880835,-76.6515625,B_112
NYH1_2017,2017,2017-05-20,42.72880835,-76.6515625,B_108
NYH1_2017,2017,2017-05-20,42.72880835,-76.6515625,B_120
NYH1_2017,2017,2017-05-20,42.72880835,-76.6515625,B_115
NYH1_2017,2017,NA,42.72880835,-76.6515625,B_120
NYH2_2017,2017,2017-05-18,42.73248125,-76.65275025,B_105
NYH2_2017,2017,2017-05-18,42.73248125,-76.65275025,B_110
NYH2_2017,2017,2017-05-18,42.73248125,-76.65275025,B_120
NYH2_2017,2017,2017-05-18,42.73248125,-76.65275025,B_103
NYH2_2017,2017,2017-05-18,42.73248125,-76.65275025,B_112
NYH2_2017,2017,2017-05-18,42.73248125,-76.65275025,B_108
NYH2_2017,2017,2017-05-18,42.73248125,-76.65275025,B_115
NYH2_2017,2017,2017-05-18,42.73248125,-76.65275025,B_100
NYH3_2017,2017,2017-05-18,42.73339625,-76.65274699999999,B_115
NYH3_2017,2017,2017-05-18,42.73339625,-76.65274699999999,B_112
NYH3_2017,2017,2017-05-18,42.73339625,-76.65274699999999,B_120
NYH3_2017,2017,2017-05-18,42.73339625,-76.65274699999999,B_110
NYH3_2017,2017,2017-05-18,42.73339625,-76.65274699999999,B_105
NYH3_2017,2017,2017-05-18,42.73339625,-76.65274699999999,B_108
OHH1_2017,2017,2017-05-16,39.855785,-83.66477375000001,B_115
OHH1_2017,2017,2017-05-16,39.855785,-83.66477375000001,B_110
OHH1_2017,2017,2017-05-16,39.855785,-83.66477375000001,B_120
OHH1_2017,2017,2017-05-16,39.855785,-83.66477375000001,B_112
OHH1_2017,2017,2017-05-16,39.855785,-83.66477375000001,B_108
WIH1_2017,2017,2017-05-05,43.05668125,-89.5308135,B_120
WIH1_2017,2017,2017-05-05,43.05668125,-89.5308135,B_115
WIH1_2017,2017,2017-05-05,43.05668125,-89.5308135,B_112
WIH1_2017,2017,2017-05-05,43.05668125,-89.5308135,B_100
WIH1_2017,2017,2017-05-05,43.05668125,-89.5308135,B_110
WIH1_2017,2017,2017-05-05,43.05668125,-89.5308135,B_105
WIH1_2017,2017,2017-05-05,43.05668125,-89.5308135,B_108
WIH1_2017,2017,2017-05-05,43.05668125,-89.5308135,B_103
WIH1_2017,2017,2017-05-05,43.05668125,-89.5308135,B_95
WIH2_2017,2017,2017-05-11,43.3246415,-89.33688774999999,B_115
WIH2_2017,2017,2017-05-11,43.3246415,-89.33688774999999,B_110
WIH2_2017,2017,2017-05-11,43.3246415,-89.33688774999999,B_112
WIH2_2017,2017,2017-05-11,43.3246415,-89.33688774999999,B_120
WIH2_2017,2017,2017-05-11,43.3246415,-89.33688774999999,B_100
WIH2_2017,2017,2017-05-11,43.3246415,-89.33688774999999,B_105
WIH2_2017,2017,2017-05-11,43.3246415,-89.33688774999999,B_108
WIH2_2017,2017,2017-05-11,43.3246415,-89.33688774999999,B_103
WIH2_2017,2017,2017-05-11,43.3246415,-89.33688774999999,B_95
GAH2_2018,2018,2018-05-01,33.71560925,-83.30894674999999,B_120
GAH2_2018,2018,2018-05-01,33.71560925,-83.30894674999999,B_130
GAH2_2018,2018,2018-05-01,33.71560925,-83.30894674999999,B_115
GAH2_2018,2018,2018-05-01,33.71560925,-83.30894674999999,B_110
INH1_2018,2018,2018-05-07,40.4787825,-86.9898145,B_120
INH1_2018,2018,2018-05-07,40.4787825,-86.9898145,B_130
INH1_2018,2018,2018-05-07,40.4787825,-86.9898145,B_115
INH1_2018,2018,2018-05-07,40.4787825,-86.9898145,B_110
MIH1_2018,2018,2018-05-28,42.689234,-84.49755575,B_105
MIH1_2018,2018,2018-05-28,42.689234,-84.49755575,B_108
MIH1_2018,2018,2018-05-28,42.689234,-84.49755575,B_110
MIH1_2018,2018,2018-05-28,42.689234,-84.49755575,B_120
MIH1_2018,2018,2018-05-28,42.689234,-84.49755575,B_103
MIH1_2018,2018,2018-05-28,42.689234,-84.49755575,B_115
MNH1_2018,2018,2018-05-24,44.070447210000005,-93.5349412725,B_120
MNH1_2018,2018,2018-05-24,44.070447210000005,-93.5349412725,B_130
MNH1_2018,2018,2018-05-24,44.070447210000005,-93.5349412725,B_100
MNH1_2018,2018,2018-05-24,44.070447210000005,-93.5349412725,B_115
MNH1_2018,2018,2018-05-24,44.070447210000005,-93.5349412725,B_110
MNH1_2018,2018,2018-05-24,44.070447210000005,-93.5349412725,B_105
MNH1_2018,2018,2018-05-24,44.070447210000005,-93.5349412725,B_112
MNH1_2018,2018,2018-05-24,44.070447210000005,-93.5349412725,B_108
MNH1_2018,2018,2018-05-24,44.070447210000005,-93.5349412725,B_103
MOH1_1_2018,2018,2018-05-17,38.89791675,-92.20952075,B_120
MOH1_1_2018,2018,2018-05-17,38.89791675,-92.20952075,B_115
MOH1_1_2018,2018,2018-05-17,38.89791675,-92.20952075,B_130
MOH1_1_2018,2018,2018-05-17,38.89791675,-92.20952075,B_110
MOH1_1_2018,2018,2018-05-17,38.89791675,-92.20952075,B_105
MOH1_1_2018,2018,2018-05-17,38.89791675,-92.20952075,B_108
MOH1_1_2018,2018,2018-05-17,38.89791675,-92.20952075,B_103
MOH1_1_2018,2018,2018-05-17,38.89791675,-92.20952075,B_112
MOH1_2_2018,2018,2018-05-17,38.895554250000004,-92.20964575,B_120
MOH1_2_2018,2018,2018-05-17,38.895554250000004,-92.20964575,B_130
MOH1_2_2018,2018,2018-05-17,38.895554250000004,-92.20964575,B_110
MOH1_2_2018,2018,2018-05-17,38.895554250000004,-92.20964575,B_115
MOH1_2_2018,2018,2018-05-17,38.895554250000004,-92.20964575,B_105
MOH1_2_2018,2018,2018-05-17,38.895554250000004,-92.20964575,B_108
MOH1_2_2018,2018,2018-05-17,38.895554250000004,-92.20964575,B_103
MOH1_2_2018,2018,2018-05-17,38.895554250000004,-92.20964575,B_112
NCH1_2018,2018,2018-05-08,35.6667825,-78.492372,B_120
NCH1_2018,2018,2018-05-08,35.6667825,-78.492372,B_115
NCH1_2018,2018,2018-05-08,35.6667825,-78.492372,B_130
NCH1_2018,2018,2018-05-08,35.6667825,-78.492372,B_110
NCH1_2018,2018,2018-05-08,35.6667825,-78.492372,B_105
NCH1_2018,2018,2018-05-08,35.6667825,-78.492372,B_108
NCH1_2018,2018,2018-05-08,35.6667825,-78.492372,B_103
NCH1_2018,2018,2018-05-08,35.6667825,-78.492372,B_112
NYH2_2018,2018,2018-05-18,42.72611075,-76.65530175,B_108
NYH2_2018,2018,2018-05-18,42.72611075,-76.65530175,B_103
NYH2_2018,2018,2018-05-18,42.72611075,-76.65530175,B_105
NYH2_2018,2018,2018-05-18,42.72611075,-76.65530175,B_120
NYH2_2018,2018,2018-05-18,42.72611075,-76.65530175,B_115
NYH2_2018,2018,2018-05-18,42.72611075,-76.65530175,B_110
NYH3_2018,2018,2018-05-18,42.7261605,-76.6556765,B_120
NYH3_2018,2018,2018-05-18,42.7261605,-76.6556765,B_110
NYH3_2018,2018,2018-05-18,42.7261605,-76.6556765,B_115
NYH3_2018,2018,2018-05-18,42.7261605,-76.6556765,B_130
NYH3_2018,2018,2018-05-18,42.7261605,-76.6556765,B_108
WIH1_2018,2018,2018-05-08,43.0544,-89.5317,B_110
WIH1_2018,2018,2018-05-08,43.0544,-89.5317,B_105
WIH1_2018,2018,2018-05-08,43.0544,-89.5317,B_108
WIH1_2018,2018,2018-05-08,43.0544,-89.5317,B_120
WIH1_2018,2018,2018-05-08,43.0544,-89.5317,B_103
WIH1_2018,2018,2018-05-08,43.0544,-89.5317,B_100
WIH1_2018,2018,2018-05-08,43.0544,-89.5317,B_115
WIH1_2018,2018,2018-05-08,43.0544,-89.5317,B_112
WIH2_2018,2018,2018-05-19,43.38075,-89.38645,B_120
WIH2_2018,2018,2018-05-19,43.38075,-89.38645,B_130
WIH2_2018,2018,2018-05-19,43.38075,-89.38645,B_115
WIH2_2018,2018,2018-05-19,43.38075,-89.38645,B_100
WIH2_2018,2018,2018-05-19,43.38075,-89.38645,B_110
WIH2_2018,2018,2018-05-19,43.38075,-89.38645,B_105
WIH2_2018,2018,2018-05-19,43.38075,-89.38645,B_108
WIH2_2018,2018,2018-05-19,43.38075,-89.38645,B_103
WIH2_2018,2018,2018-05-19,43.38075,-89.38645,B_112
DEH1_2019,2019,2019-05-09,38.670675,-75.43322500000001,B_108
DEH1_2019,2019,2019-05-09,38.670675,-75.43322500000001,B_105
DEH1_2019,2019,2019-05-09,38.670675,-75.43322500000001,B_120
DEH1_2019,2019,2019-05-09,38.670675,-75.43322500000001,B_110
DEH1_2019,2019,2019-05-09,38.670675,-75.43322500000001,B_112
DEH1_2019,2019,2019-05-09,38.670675,-75.43322500000001,B_103
DEH1_2019,2019,2019-05-09,38.670675,-75.43322500000001,B_115
DEH1_2019,2019,2019-05-09,38.670675,-75.43322500000001,B_130
GAH1_2019,2019,2019-03-28,31.50582525,-83.55515025,B_120
GAH1_2019,2019,2019-03-28,31.50582525,-83.55515025,B_130
GAH1_2019,2019,2019-03-28,31.50582525,-83.55515025,B_115
GAH2_2019,2019,2019-04-12,33.7204165,-83.308125,B_108
GAH2_2019,2019,2019-04-12,33.7204165,-83.308125,B_120
GAH2_2019,2019,2019-04-12,33.7204165,-83.308125,B_105
GAH2_2019,2019,2019-04-12,33.7204165,-83.308125,B_110
GAH2_2019,2019,2019-04-12,33.7204165,-83.308125,B_130
GAH2_2019,2019,2019-04-12,33.7204165,-83.308125,B_112
GAH2_2019,2019,2019-04-12,33.7204165,-83.308125,B_115
GAH2_2019,2019,2019-04-12,33.7204165,-83.308125,B_103
IAH2_2019,2019,2019-04-26,42.065834984999995,-94.72067796,B_120
IAH2_2019,2019,2019-04-26,42.065834984999995,-94.72067796,B_130
IAH2_2019,2019,2019-04-26,42.065834984999995,-94.72067796,B_115
IAH3_2019,2019,2019-05-06,41.97593131,-92.2431060325,B_120
IAH3_2019,2019,2019-05-06,41.97593131,-92.2431060325,B_115
IAH3_2019,2019,2019-05-06,41.97593131,-92.2431060325,B_130
IAH4_2019,2019,2019-06-03,42.031937975000005,-93.7933321275,B_120
IAH4_2019,2019,2019-06-03,42.031937975000005,-93.7933321275,B_115
IAH4_2019,2019,2019-06-03,42.031937975000005,-93.7933321275,B_130
IAH4_2019,2019,2019-06-03,42.031937975000005,-93.7933321275,B_103
IAH4_2019,2019,2019-06-03,42.031937975000005,-93.7933321275,B_105
IAH4_2019,2019,2019-06-03,42.031937975000005,-93.7933321275,B_108
IAH4_2019,2019,2019-06-03,42.031937975000005,-93.7933321275,B_112
IAH4_2019,2019,2019-06-03,42.031937975000005,-93.7933321275,B_110
INH1_2019,2019,2019-06-05,40.477063,-87.00020175,B_120
INH1_2019,2019,2019-06-05,40.477063,-87.00020175,B_115
INH1_2019,2019,2019-06-05,40.477063,-87.00020175,B_130
MIH1_2019,2019,2019-05-27,42.70789125,-84.4706665,B_105
MIH1_2019,2019,2019-05-27,42.70789125,-84.4706665,B_103
MIH1_2019,2019,2019-05-27,42.70789125,-84.4706665,B_108
MIH1_2019,2019,2019-05-27,42.70789125,-84.4706665,B_120
MIH1_2019,2019,2019-05-27,42.70789125,-84.4706665,B_112
MIH1_2019,2019,2019-05-27,42.70789125,-84.4706665,B_110
MIH1_2019,2019,2019-05-27,42.70789125,-84.4706665,B_115
MNH1_2019,2019,2019-06-03,44.0664117,-93.525004705,B_120
MNH1_2019,2019,2019-06-03,44.0664117,-93.525004705,B_115
MNH1_2019,2019,2019-06-03,44.0664117,-93.525004705,B_103
MNH1_2019,2019,2019-06-03,44.0664117,-93.525004705,B_105
MNH1_2019,2019,2019-06-03,44.0664117,-93.525004705,B_108
MNH1_2019,2019,2019-06-03,44.0664117,-93.525004705,B_112
MNH1_2019,2019,2019-06-03,44.0664117,-93.525004705,B_110
MOH1_2019,2019,2019-05-16,38.8956125,-92.20883,B_120
MOH1_2019,2019,2019-05-16,38.8956125,-92.20883,B_115
NEH1_2019,2019,2019-05-16,40.8604,-96.6159,B_120
NEH1_2019,2019,2019-05-16,40.8604,-96.6159,B_115
NEH2_2019,2019,2019-05-17,33.683219771598594,-101.8228099023082,B_120
NEH2_2019,2019,2019-05-17,33.683219771598594,-101.8228099023082,B_115
NEH2_2019,2019,2019-06-08,33.683219771598594,-101.8228099023082,B_120
NEH2_2019,2019,2019-06-08,33.683219771598594,-101.8228099023082,B_115
NYH1_2019,2019,2019-06-03,42.7288875,-76.65152083499999,B_108
NYH1_2019,2019,2019-06-03,42.7288875,-76.65152083499999,B_105
NYH1_2019,2019,2019-06-03,42.7288875,-76.65152083499999,B_120
NYH1_2019,2019,2019-06-03,42.7288875,-76.65152083499999,B_103
NYH1_2019,2019,2019-06-03,42.7288875,-76.65152083499999,B_112
NYH2_2019,2019,2019-05-23,42.732214025000005,-76.65248675,B_108
NYH2_2019,2019,2019-05-23,42.732214025000005,-76.65248675,B_105
NYH2_2019,2019,2019-05-23,42.732214025000005,-76.65248675,B_103
NYH2_2019,2019,2019-05-23,42.732214025000005,-76.65248675,B_120
NYH2_2019,2019,2019-05-23,42.732214025000005,-76.65248675,B_110
NYH2_2019,2019,2019-05-23,42.732214025000005,-76.65248675,B_115
NYH2_2019,2019,2019-05-23,42.732214025000005,-76.65248675,B_112
NYH3_2019,2019,2019-05-23,42.7321756,-76.65345462500001,B_120
NYH3_2019,2019,2019-05-23,42.7321756,-76.65345462500001,B_115
NYH3_2019,2019,2019-05-23,42.7321756,-76.65345462500001,B_130
OHH1_2019,2019,2019-06-07,39.85685125,-83.67122475,B_120
OHH1_2019,2019,2019-06-07,39.85685125,-83.67122475,B_103
OHH1_2019,2019,2019-06-07,39.85685125,-83.67122475,B_108
OHH1_2019,2019,2019-06-07,39.85685125,-83.67122475,B_105
OHH1_2019,2019,2019-06-07,39.85685125,-83.67122475,B_110
OHH1_2019,2019,2019-06-07,39.85685125,-83.67122475,B_115
OHH1_2019,2019,2019-06-07,39.85685125,-83.67122475,B_112
SCH1_2019,2019,2019-05-02,34.622482250000004,-82.73756775,B_120
SCH1_2019,2019,2019-05-02,34.622482250000004,-82.73756775,B_130
SCH1_2019,2019,2019-05-02,34.622482250000004,-82.73756775,B_115
TXH1_2019,2019,2019-03-20,30.546318,-96.4329965,B_120
TXH1_2019,2019,2019-03-20,30.546318,-96.4329965,B_115
TXH1_2019,2019,2019-03-20,30.546318,-96.4329965,B_130
TXH2_2019,2019,2019-03-20,30.546318,-96.4329965,B_120
TXH2_2019,2019,2019-03-20,30.546318,-96.4329965,B_115
TXH2_2019,2019,2019-03-20,30.546318,-96.4329965,B_130
TXH3_2019,2019,2019-03-20,30.546318,-96.4329965,B_120
TXH3_2019,2019,2019-03-20,30.546318,-96.4329965,B_130
TXH3_2019,2019,2019-03-20,30.546318,-96.4329965,B_115
WIH1_2019,2019,2019-05-12,43.060857000000006,-89.494068,B_103
WIH1_2019,2019,2019-05-12,43.060857000000006,-89.494068,B_105
WIH1_2019,2019,2019-05-12,43.060857000000006,-89.494068,B_120
WIH1_2019,2019,2019-05-12,43.060857000000006,-89.494068,B_108
WIH1_2019,2019,2019-05-12,43.060857000000006,-89.494068,B_112
WIH1_2019,2019,2019-05-12,43.060857000000006,-89.494068,B_110
WIH1_2019,2019,2019-05-12,43.060857000000006,-89.494068,B_115
WIH2_2019,2019,2019-06-03,43.32076800000001,-89.33189475,B_120
WIH2_2019,2019,2019-06-03,43.32076800000001,-89.33189475,B_115
WIH2_2019,2019,2019-06-03,43.32076800000001,-89.33189475,B_130
WIH2_2019,2019,2019-06-03,43.32076800000001,-89.33189475,B_108
WIH2_2019,2019,2019-06-03,43.32076800000001,-89.33189475,B_105
WIH2_2019,2019,2019-06-03,43.32076800000001,-89.33189475,B_103
WIH2_2019,2019,2019-06-03,43.32076800000001,-89.33189475,B_110
WIH2_2019,2019,2019-06-03,43.32076800000001,-89.33189475,B_112
DEH1_2020,2020,2020-05-14,38.628981,-75.46566025000001,B_130
DEH1_2020,2020,2020-05-14,38.628981,-75.46566025000001,B_110
DEH1_2020,2020,2020-05-14,38.628981,-75.46566025000001,B_108
DEH1_2020,2020,2020-05-14,38.628981,-75.46566025000001,B_120
DEH1_2020,2020,2020-05-14,38.628981,-75.46566025000001,B_105
GAH1_2020,2020,2020-04-01,31.5079775,-83.558517,B_130
GAH1_2020,2020,2020-04-01,31.5079775,-83.558517,B_120
GAH2_2020,2020,2020-05-05,33.72355555,-83.30265185,B_130
GAH2_2020,2020,2020-05-05,33.72355555,-83.30265185,B_120
INH1_2020,2020,2020-05-12,40.4787965,-86.9895995,B_130
INH1_2020,2020,2020-05-12,40.4787965,-86.9895995,B_120
INH1_2020,2020,2020-05-12,40.4787965,-86.9895995,B_110
INH1_2020,2020,2020-05-12,40.4787965,-86.9895995,B_115
MIH1_2020,2020,2020-05-25,42.7085775,-84.4705825,B_108
MIH1_2020,2020,2020-05-25,42.7085775,-84.4705825,B_110
MIH1_2020,2020,2020-05-25,42.7085775,-84.4705825,B_120
MIH1_2020,2020,2020-05-25,42.7085775,-84.4705825,B_115
MIH1_2020,2020,2020-05-25,42.7085775,-84.4705825,B_105
MIH1_2020,2020,2020-05-25,42.7085775,-84.4705825,B_130
MNH1_2020,2020,2020-05-15,44.0690783925,-93.5326302825,B_108
MNH1_2020,2020,2020-05-15,44.0690783925,-93.5326302825,B_120
MNH1_2020,2020,2020-05-07,44.0690783925,-93.5326302825,B_120
MNH1_2020,2020,2020-05-07,44.0690783925,-93.5326302825,B_115
MNH1_2020,2020,2020-05-07,44.0690783925,-93.5326302825,B_110
MNH1_2020,2020,2020-05-15,44.0690783925,-93.5326302825,B_110
MNH1_2020,2020,2020-05-15,44.0690783925,-93.5326302825,B_130
MNH1_2020,2020,2020-05-15,44.0690783925,-93.5326302825,B_105
MOH1_1_2020,2020,2020-06-02,38.8978375,-92.2070925,B_130
MOH1_1_2020,2020,2020-06-02,38.8978375,-92.2070925,B_120
MOH1_1_2020,2020,2020-06-02,38.8978375,-92.2070925,B_110
MOH1_1_2020,2020,2020-06-02,38.8978375,-92.2070925,B_108
MOH1_1_2020,2020,2020-06-02,38.8978375,-92.2070925,B_105
MOH1_2_2020,2020,2020-06-02,38.8958275,-92.2071575,B_120
MOH1_2_2020,2020,2020-06-02,38.8958275,-92.2071575,B_130
MOH1_2_2020,2020,2020-06-02,38.8958275,-92.2071575,B_115
MOH1_2_2020,2020,2020-06-02,38.8958275,-92.2071575,B_110
MOH1_2_2020,2020,2020-06-02,38.8958275,-92.2071575,B_108
MOH1_2_2020,2020,2020-06-02,38.8958275,-92.2071575,B_105
NEH1_2020,2020,2020-05-12,40.851785,-96.61667,B_130
NEH1_2020,2020,2020-05-12,40.851785,-96.61667,B_120
NYH2_2020,2020,2020-05-22,42.73230075,-76.65036275,B_108
NYH2_2020,2020,2020-05-22,42.73230075,-76.65036275,B_110
NYH2_2020,2020,2020-05-22,42.73230075,-76.65036275,B_120
NYH2_2020,2020,2020-05-22,42.73230075,-76.65036275,B_130
NYH2_2020,2020,2020-05-22,42.73230075,-76.65036275,B_105
NYH2_2020,2020,2020-05-23,42.73230075,-76.65036275,B_120
NYH2_2020,2020,2020-05-23,42.73230075,-76.65036275,B_115
NYH3_2020,2020,2020-05-22,42.73227475,-76.65137050000001,B_130
NYH3_2020,2020,2020-05-22,42.73227475,-76.65137050000001,B_110
NYH3_2020,2020,2020-05-22,42.73227475,-76.65137050000001,B_120
NYH3_2020,2020,2020-05-23,42.73227475,-76.65137050000001,B_120
NYS1_2020,2020,2020-05-22,42.7322645,-76.65174300000001,B_110
NYS1_2020,2020,2020-05-22,42.7322645,-76.65174300000001,B_120
NYS1_2020,2020,2020-05-22,42.7322645,-76.65174300000001,B_115
OHH1_2020,2020,2020-06-02,39.85643475,-83.67288725,B_108
OHH1_2020,2020,2020-06-02,39.85643475,-83.67288725,B_110
OHH1_2020,2020,2020-06-02,39.85643475,-83.67288725,B_120
OHH1_2020,2020,2020-06-02,39.85643475,-83.67288725,B_130
OHH1_2020,2020,2020-06-02,39.85643475,-83.67288725,B_105
SCH1_2020,2020,2020-05-11,34.62225,-82.736661,B_130
SCH1_2020,2020,2020-05-11,34.62225,-82.736661,B_120
SCH1_2020,2020,2020-05-12,34.62225,-82.736661,B_120
SCH1_2020,2020,2020-05-12,34.62225,-82.736661,B_115
SCH1_2020,2020,2020-05-12,34.62225,-82.736661,B_110
TXH1_2020,2020,2020-03-11,30.53781575,-96.4283715,B_130
TXH1_2020,2020,2020-03-11,30.53781575,-96.4283715,B_120
TXH1_2020,2020,2020-03-11,30.53781575,-96.4283715,B_110
TXH1_2020,2020,2020-03-11,30.53781575,-96.4283715,B_115
TXH2_2020,2020,2020-03-11,30.53825625,-96.42790225,B_120
TXH2_2020,2020,2020-03-11,30.53825625,-96.42790225,B_130
TXH3_2020,2020,2020-04-08,30.53869475,-96.4274175,B_130
TXH3_2020,2020,2020-04-08,30.53869475,-96.4274175,B_120
TXH3_2020,2020,2020-04-08,30.53869475,-96.4274175,B_110
TXH3_2020,2020,2020-04-08,30.53869475,-96.4274175,B_115
WIH1_2020,2020,2020-05-07,43.05505505000001,-89.52853825,B_108
WIH1_2020,2020,2020-05-07,43.05505505000001,-89.52853825,B_120
WIH1_2020,2020,2020-05-07,43.05505505000001,-89.52853825,B_110
WIH1_2020,2020,2020-05-07,43.05505505000001,-89.52853825,B_130
WIH1_2020,2020,2020-05-07,43.05505505000001,-89.52853825,B_105
WIH2_2020,2020,2020-05-13,43.294786,-89.38396800000001,B_130
WIH2_2020,2020,2020-05-13,43.294786,-89.38396800000001,B_108
WIH2_2020,2020,2020-05-13,43.294786,-89.38396800000001,B_110
WIH2_2020,2020,2020-05-13,43.294786,-89.38396800000001,B_120
WIH2_2020,2020,2020-05-13,43.294786,-89.38396800000001,B_115
WIH2_2020,2020,2020-05-13,43.294786,-89.38396800000001,B_105
WIH3_2020,2020,2020-05-21,44.115703,-89.54491325000001,B_110
WIH3_2020,2020,2020-05-21,44.115703,-89.54491325000001,B_108
WIH3_2020,2020,2020-05-21,44.115703,-89.54491325000001,B_130
WIH3_2020,2020,2020-05-21,44.115703,-89.54491325000001,B_120
WIH3_2020,2020,2020-05-21,44.115703,-89.54491325000001,B_115
WIH3_2020,2020,2020-05-21,44.115703,-89.54491325000001,B_105
DEH1_2021,2021,2021-04-27,38.63525,-75.45625,B_130
DEH1_2021,2021,2021-04-27,38.63525,-75.45625,B_120
DEH1_2021,2021,2021-04-27,38.63525,-75.45625,B_108
DEH1_2021,2021,2021-04-27,38.63525,-75.45625,B_110
DEH1_2021,2021,2021-04-27,38.63525,-75.45625,B_105
GAH2_2021,2021,2021-04-14,33.7154545725,-83.30972048999999,B_130
GAH2_2021,2021,2021-04-14,33.7154545725,-83.30972048999999,B_120
GAH2_2021,2021,2021-04-14,33.7154545725,-83.30972048999999,B_110
IAH2_2021,2021,2021-04-27,42.065842895,-94.72081685,B_130
IAH2_2021,2021,2021-04-27,42.065842895,-94.72081685,B_120
IAH2_2021,2021,2021-04-27,42.065842895,-94.72081685,B_108
IAH2_2021,2021,2021-04-27,42.065842895,-94.72081685,B_110
IAH2_2021,2021,2021-04-27,42.065842895,-94.72081685,B_105
IAH3_2021,2021,2021-05-06,41.97582495,-92.24308745,B_120
IAH3_2021,2021,2021-05-06,41.97582495,-92.24308745,B_130
IAH3_2021,2021,2021-05-06,41.97582495,-92.24308745,B_108
IAH3_2021,2021,2021-05-06,41.97582495,-92.24308745,B_110
IAH3_2021,2021,2021-05-06,41.97582495,-92.24308745,B_105
IAH4_2021,2021,2021-04-28,41.998326022499995,-93.694298175,B_120
IAH4_2021,2021,2021-04-28,41.998326022499995,-93.694298175,B_130
IAH4_2021,2021,2021-04-28,41.998326022499995,-93.694298175,B_110
IAH4_2021,2021,2021-04-28,41.998326022499995,-93.694298175,B_108
IAH4_2021,2021,2021-04-28,41.998326022499995,-93.694298175,B_105
INH1_2021,2021,2021-05-24,40.477062,-86.99766525000001,B_130
INH1_2021,2021,2021-05-24,40.477062,-86.99766525000001,B_120
INH1_2021,2021,2021-05-24,40.477062,-86.99766525000001,B_115
INH1_2021,2021,2021-05-24,40.477062,-86.99766525000001,B_110
MIH1_2021,2021,2021-05-13,42.707751,-84.47058725,B_108
MIH1_2021,2021,2021-05-13,42.707751,-84.47058725,B_120
MIH1_2021,2021,2021-05-13,42.707751,-84.47058725,B_110
MIH1_2021,2021,2021-05-13,42.707751,-84.47058725,B_115
MIH1_2021,2021,2021-05-13,42.707751,-84.47058725,B_105
MIH1_2021,2021,2021-05-13,42.707751,-84.47058725,B_130
NEH1_2021,2021,2021-05-07,40.8603518,-96.59670298,B_130
NEH1_2021,2021,2021-05-07,40.8603518,-96.59670298,B_120
NEH2_2021,2021,2021-05-10,41.061911275,-100.748892675,B_130
NEH2_2021,2021,2021-05-10,41.061911275,-100.748892675,B_120
NEH3_2021,2021,2021-05-21,41.089739824999995,-100.779377525,B_130
NEH3_2021,2021,2021-05-21,41.089739824999995,-100.779377525,B_120
NYH2_2021,2021,2021-05-20,42.733264,-76.65611875,B_108
NYH2_2021,2021,2021-05-20,42.733264,-76.65611875,B_110
NYH2_2021,2021,2021-05-20,42.733264,-76.65611875,B_120
NYH2_2021,2021,2021-05-20,42.733264,-76.65611875,B_130
NYH2_2021,2021,2021-05-20,42.733264,-76.65611875,B_105
NYH3_2021,2021,2021-05-20,42.73332500000001,-76.65519325,B_130
NYH3_2021,2021,2021-05-20,42.73332500000001,-76.65519325,B_120
NYS1_2021,2021,2021-05-20,42.7322645,-76.65174300000001,B_120
NYS1_2021,2021,2021-05-20,42.7322645,-76.65174300000001,B_110
NYS1_2021,2021,2021-05-20,42.7322645,-76.65174300000001,B_115
SCH1_2021,2021,2021-04-13,34.62254625,-82.73710325,B_130
SCH1_2021,2021,2021-04-13,34.62254625,-82.73710325,B_120
SCH1_2021,2021,2021-05-02,34.62254625,-82.73710325,B_120
SCH1_2021,2021,2021-05-02,34.62254625,-82.73710325,B_130
SCH1_2021,2021,2021-05-02,34.62254625,-82.73710325,B_115
SCH1_2021,2021,2021-05-02,34.62254625,-82.73710325,B_110
TXH1_2021,2021,2021-03-10,30.5383629325,-96.4278095325,B_130
TXH1_2021,2021,2021-03-10,30.5383629325,-96.4278095325,B_120
TXH1_2021,2021,2021-03-10,30.5383629325,-96.4278095325,B_115
TXH1_2021,2021,2021-03-10,30.5383629325,-96.4278095325,B_110
TXH2_2021,2021,2021-03-10,30.53788219,-96.428361205,B_130
TXH2_2021,2021,2021-03-10,30.53788219,-96.428361205,B_120
TXH3_2021,2021,2021-04-09,30.5388280175,-96.4273201675,B_130
TXH3_2021,2021,2021-04-09,30.5388280175,-96.4273201675,B_120
TXH3_2021,2021,2021-04-09,30.5388280175,-96.4273201675,B_110
TXH3_2021,2021,2021-04-09,30.5388280175,-96.4273201675,B_115
WIH1_2021,2021,2021-05-10,43.05537,-89.53039749999999,B_108
WIH1_2021,2021,2021-05-10,43.05537,-89.53039749999999,B_105
WIH1_2021,2021,2021-05-10,43.05537,-89.53039749999999,B_110
WIH1_2021,2021,2021-05-10,43.05537,-89.53039749999999,B_120
WIH1_2021,2021,2021-05-10,43.05537,-89.53039749999999,B_130
WIH2_2021,2021,2021-05-24,43.320069,-89.33172575,B_130
WIH2_2021,2021,2021-05-24,43.320069,-89.33172575,B_120
WIH2_2021,2021,2021-05-24,43.320069,-89.33172575,B_108
WIH2_2021,2021,2021-05-24,43.320069,-89.33172575,B_110
WIH2_2021,2021,2021-05-24,43.320069,-89.33172575,B_115
WIH2_2021,2021,2021-05-24,43.320069,-89.33172575,B_105
WIH3_2021,2021,2021-04-29,44.114305,-89.544225,B_108
WIH3_2021,2021,2021-04-29,44.114305,-89.544225,B_110
WIH3_2021,2021,2021-04-29,44.114305,-89.544225,B_120
WIH3_2021,2021,2021-04-29,44.114305,-89.544225,B_130
WIH3_2021,2021,2021-04-29,44.114305,-89.544225,B_115
WIH3_2021,2021,2021-04-29,44.114305,-89.544225,B_105
DEH1_2022,2022,2022-04-25,38.63775,-75.45824999999999,B_130
DEH1_2022,2022,2022-04-25,38.63775,-75.45824999999999,B_120
GAH1_2022,2022,2022-04-04,31.506032499999996,-83.55800500000001,B_130
GAH1_2022,2022,2022-04-04,31.506032499999996,-83.55800500000001,B_120
GAH2_2022,2022,2022-04-14,33.726664,-83.3044675,B_130
GAH2_2022,2022,2022-04-14,33.726664,-83.3044675,B_120
IAH2_2022,2022,2022-05-20,42.06749174750001,-94.729009495,B_130
IAH2_2022,2022,2022-05-20,42.06749174750001,-94.729009495,B_120
IAH3_2022,2022,2022-05-11,41.98786621,-92.25804885,B_130
IAH3_2022,2022,2022-05-11,41.98786621,-92.25804885,B_120
IAH3_2022,2022,2022-05-11,41.98786621,-92.25804885,B_115
IAH4_2022,2022,2022-05-22,41.994647505,-93.69042819,B_130
IAH4_2022,2022,2022-05-22,41.994647505,-93.69042819,B_120
INH1_2022,2022,2022-05-12,40.48251775,-87.00278825,B_130
INH1_2022,2022,2022-05-12,40.48251775,-87.00278825,B_120
INH1_2022,2022,2022-05-12,40.48251775,-87.00278825,B_115
INH1_2022,2022,2022-05-12,40.48251775,-87.00278825,B_110
MIH1_2022,2022,2022-05-20,42.70854325,-84.47056075,B_130
MIH1_2022,2022,2022-05-20,42.70854325,-84.47056075,B_120
MIH1_2022,2022,2022-05-20,42.70854325,-84.47056075,B_112
MOH2_2022,2022,2022-05-10,38.92892175,-92.3548775,B_130
MOH2_2022,2022,2022-05-10,38.92892175,-92.3548775,B_120
MOH2_2022,2022,2022-05-10,38.92892175,-92.3548775,B_110
MOH2_2022,2022,2022-05-10,38.92892175,-92.3548775,B_115
NEH1_2022,2022,2022-05-10,40.85980333333334,-96.597845,B_130
NEH1_2022,2022,2022-05-10,40.85980333333334,-96.597845,B_120
NYH2_2022,2022,2022-05-12,42.73225125,-76.650192,B_130
NYH2_2022,2022,2022-05-12,42.73225125,-76.650192,B_120
NYH3_2022,2022,2022-05-12,42.732239,-76.650972,B_130
NYH3_2022,2022,2022-05-12,42.732239,-76.650972,B_120
OHH1_2022,2022,2022-06-04,39.8564825,-83.67284000000001,B_120
OHH1_2022,2022,2022-06-04,39.8564825,-83.67284000000001,B_130
OHH1_2022,2022,2022-06-04,39.8564825,-83.67284000000001,B_115
SCH1_2022,2022,2022-04-28,34.62265175,-82.7362945,B_130
SCH1_2022,2022,2022-04-28,34.62265175,-82.7362945,B_120
SCH1_2022,2022,2022-04-26,34.62265175,-82.7362945,B_120
SCH1_2022,2022,2022-04-26,34.62265175,-82.7362945,B_110
SCH1_2022,2022,2022-04-26,34.62265175,-82.7362945,B_115
SCH1_2022,2022,2022-04-26,34.62265175,-82.7362945,B_130
TXH1_2022,2022,2022-03-14,30.53821875,-96.4279361125,B_130
TXH1_2022,2022,2022-03-14,30.53821875,-96.4279361125,B_120
TXH1_2022,2022,2022-03-14,30.53821875,-96.4279361125,B_110
TXH1_2022,2022,2022-03-14,30.53821875,-96.4279361125,B_115
TXH2_2022,2022,2022-03-14,30.537806785,-96.42840763,B_120
TXH2_2022,2022,2022-03-14,30.537806785,-96.42840763,B_130
TXH3_2022,2022,2022-04-04,30.538639582500004,-96.4274555575,B_120
TXH3_2022,2022,2022-04-04,30.538639582500004,-96.4274555575,B_130
TXH3_2022,2022,2022-04-04,30.538639582500004,-96.4274555575,B_110
TXH3_2022,2022,2022-04-04,30.538639582500004,-96.4274555575,B_115
WIH1_2022,2022,2022-05-09,43.0586069025,-89.532033415,B_103
WIH1_2022,2022,2022-05-09,43.0586069025,-89.532033415,B_130
WIH1_2022,2022,2022-05-09,43.0586069025,-89.532033415,B_120
WIH2_2022,2022,2022-05-23,43.295238507499995,-89.3862938475,B_130
WIH2_2022,2022,2022-05-23,43.295238507499995,-89.3862938475,B_120
WIH2_2022,2022,2022-05-23,43.295238507499995,-89.3862938475,B_103
WIH2_2022,2022,2022-05-23,43.295238507499995,-89.3862938475,B_115
WIH3_2022,2022,2022-05-16,44.11904984,-89.5563453275,B_120
WIH3_2022,2022,2022-05-16,44.11904984,-89.5563453275,B_130
WIH3_2022,2022,2022-05-16,44.11904984,-89.5563453275,B_103
WIH3_2022,2022,2022-05-16,44.11904984,-89.5563453275,B_115
WIH3_2022,2022,2022-05-16,44.11904984,-89.5563453275,B_110
DEH1_2023,2023,2023-05-08,38.629000000000005,-75.46575,B_130
DEH1_2023,2023,2023-05-08,38.629000000000005,-75.46575,B_120
DEH1_2023,2023,2023-05-08,38.629000000000005,-75.46575,B_115
GAH1_2023,2023,2023-03-30,31.507937499999997,-83.5585,B_130
GAH1_2023,2023,2023-03-30,31.507937499999997,-83.5585,B_120
GAH2_2023,2023,2023-04-24,33.72448995,-83.303219025,B_130
GAH2_2023,2023,2023-04-24,33.72448995,-83.303219025,B_120
IAH2_2023,2023,2023-05-04,42.065871207499995,-94.72044451,B_130
IAH2_2023,2023,2023-05-04,42.065871207499995,-94.72044451,B_120
IAH2_2023,2023,2023-05-04,42.065871207499995,-94.72044451,B_115
IAH3_2023,2023,2023-05-11,41.9760480275,-92.24311842,B_130
IAH3_2023,2023,2023-05-11,41.9760480275,-92.24311842,B_120
IAH4_2023,2023,2023-05-05,41.99840792,-93.694012635000007,B_120
IAH4_2023,2023,2023-05-05,41.99840792,-93.694012635000007,B_130
IAH4_2023,2023,2023-05-17,41.99840792,-93.694012635000007,B_130
IAH4_2023,2023,2023-05-17,41.99840792,-93.694012635000007,B_120
IAH4_2023,2023,2023-05-05,41.99840792,-93.694012635000007,B_115
INH1_2023,2023,2023-05-04,40.4770661,-86.99825050000001,B_130
INH1_2023,2023,2023-05-04,40.4770661,-86.99825050000001,B_120
INH1_2023,2023,2023-05-04,40.4770661,-86.99825050000001,B_110
INH1_2023,2023,2023-05-04,40.4770661,-86.99825050000001,B_115
MIH1_2023,2023,2023-05-24,42.707759249999995,-84.47052975,B_120
MIH1_2023,2023,2023-05-24,42.707759249999995,-84.47052975,B_130
MIH1_2023,2023,2023-05-24,42.707759249999995,-84.47052975,B_115
MNH1_2023,2023,2023-05-22,44.069144375,-93.5330558925,B_130
MNH1_2023,2023,2023-05-22,44.069144375,-93.5330558925,B_120
MNH1_2023,2023,2023-05-17,44.069144375,-93.5330558925,B_120
MNH1_2023,2023,2023-05-17,44.069144375,-93.5330558925,B_110
MNH1_2023,2023,2023-05-17,44.069144375,-93.5330558925,B_115
MOH1_2023,2023,2023-05-24,38.897818805,-92.21034350499998,B_130
MOH1_2023,2023,2023-05-24,38.897818805,-92.21034350499998,B_120
MOH1_2023,2023,2023-05-24,38.897818805,-92.21034350499998,B_115
MOH1_2023,2023,2023-05-24,38.897818805,-92.21034350499998,B_110
MOH2_2023,2023,2023-05-09,38.928257005,-92.3534714275,B_130
MOH2_2023,2023,2023-05-09,38.928257005,-92.3534714275,B_120
MOH2_2023,2023,2023-05-09,38.928257005,-92.3534714275,B_110
MOH2_2023,2023,2023-05-09,38.928257005,-92.3534714275,B_115
NCH1_2023,2023,2023-04-17,35.6676615,-78.49223325,B_120
NCH1_2023,2023,2023-04-17,35.6676615,-78.49223325,B_130
NCH1_2023,2023,2023-04-17,35.6676615,-78.49223325,B_115
NCH1_2023,2023,2023-04-17,35.6676615,-78.49223325,B_110
NEH1_2023,2023,2023-05-16,40.86093225,-96.5966755,B_120
NEH1_2023,2023,2023-05-16,40.86093225,-96.5966755,B_130
NEH1_2023,2023,2023-06-09,40.86093225,-96.5966755,B_120
NEH1_2023,2023,2023-06-09,40.86093225,-96.5966755,B_130
NYH2_2023,2023,2023-05-12,42.7332367,-76.65603992499999,B_120
NYH2_2023,2023,2023-05-12,42.7332367,-76.65603992499999,B_130
NYH2_2023,2023,2023-05-12,42.7332367,-76.65603992499999,B_110
NYH2_2023,2023,2023-05-12,42.7332367,-76.65603992499999,B_115
NYH3_2023,2023,2023-05-12,42.73330975,-76.655075525,B_120
NYH3_2023,2023,2023-05-12,42.73330975,-76.655075525,B_130
NYH3_2023,2023,2023-05-12,42.73330975,-76.655075525,B_115
NYH3_2023,2023,2023-05-12,42.73330975,-76.655075525,B_110
OHH1_2023,2023,2023-05-23,39.8557625,-83.67350525,B_130
OHH1_2023,2023,2023-05-23,39.8557625,-83.67350525,B_120
TXH1_2023,2023,2023-03-01,30.5501232825,-96.43138643,B_130
TXH1_2023,2023,2023-03-01,30.5501232825,-96.43138643,B_120
TXH1_2023,2023,2023-03-01,30.5501232825,-96.43138643,B_110
TXH1_2023,2023,2023-03-01,30.5501232825,-96.43138643,B_115
TXH2_2023,2023,2023-03-01,30.55034681,-96.43165871,B_130
TXH2_2023,2023,2023-03-01,30.55034681,-96.43165871,B_120
TXH3_2023,2023,2023-04-14,30.549647405,-96.4310292925,B_130
TXH3_2023,2023,2023-04-14,30.549647405,-96.4310292925,B_120
TXH3_2023,2023,2023-04-14,30.549647405,-96.4310292925,B_115
TXH3_2023,2023,2023-04-14,30.549647405,-96.4310292925,B_110
WIH1_2023,2023,2023-05-03,43.0554021125,-89.5297795,B_130
WIH1_2023,2023,2023-05-03,43.0554021125,-89.5297795,B_120
WIH2_2023,2023,2023-05-11,43.304242974999994,-89.3841457,B_120
WIH2_2023,2023,2023-05-11,43.304242974999994,-89.3841457,B_130
WIH3_2023,2023,2023-04-26,44.115644625,-89.54400899999999,B_120
WIH3_2023,2023,2023-04-26,44.115644625,-89.54400899999999,B_130
WIH3_2023,2023,2023-04-26,44.115644625,-89.54400899999999,B_115
WIH3_2023,2023,2023-04-26,44.115644625,-89.54400899999999,B_110
